Timestamp,Gender,Age range,Educational Qualification ,Occupation,Marital status,Your individual aggregate monthly income,how often do you buy readyto ,Which type of brand do you purchase from?,Source of information on recent ready-to-wear or clothing apparels?,When last did you buy a ready-to-wear clothing?,"If ready-to-wear were a person, which of the following adjectives do you feel would best describe your most preferred brand personality?",What kind of outfits do you usually prefer?,What influences you the most when you buy clothes?,MONTHLY BUDGET,CATEGORY OF BUDGET
2021/08/26 8:12:03 pm CET,Female,26 - 30 years,"Tertiary (NCE, HND, Bachelorƒ??s)",Civil servant,Married,"400,000",Monthly,Both (Domestic and International),Social media,Less than 1 month ago,Classy;Elegant,Bespoke,Wearability,"50,000", HIGH PRICE
2021/08/26 8:13:28 pm CET,Male,26 - 30 years,"Tertiary (NCE, HND, Bachelorƒ??s)",Self-employed/Entrepreneur,Married,"100,000",I donƒ??t know,Both (Domestic and International),Friends and family;Social media;Work or school colleagues;Newspaper/advertisement posters;SMS/Email promotions,I donƒ??t remember,Rugged,Casual (International),Fashion/style;Prices;Wearability,"20,000",LOW PRICE
2021/08/26 8:15:55 pm CET,Male,26 - 30 years,"Tertiary (NCE, HND, Bachelorƒ??s)",Self-employed/Entrepreneur,Married,"300,000",Spontaneous,Both (Domestic and International),Newspaper/advertisement posters,I donƒ??t remember,Imaginative,Casual (local brands),Prices,"20,000",LOW PRICE
2021/08/26 8:17:05 pm CET,Female,20 - 25 years,"Tertiary (NCE, HND, Bachelorƒ??s)",Student,Single,"100,000",Spontaneous,Both (Domestic and International),Social media,Between 1 and 6 months,Elegant,Bespoke,Occasion,"50,000", HIGH PRICE
2021/08/26 8:17:30 pm CET,Female,26 - 30 years,"Tertiary (NCE, HND, Bachelorƒ??s)",Lawyer ,Single,"100,000",On special occasions,Domestic,Friends and family;Social media;Work or school colleagues,Between 6 months and 1 year,Honest;Cheerful;Imaginative;Upper class;Classy;Elegant;Sophisticated,Bespoke,Fashion/style,"20,000",LOW PRICE
2021/08/26 8:19:37 pm CET,Female,31 - 35 years,Masters,Self-employed/Entrepreneur,Married,"300,000",Rarely,Both (Domestic and International),Social media,More than 1 year ago,Cheerful,Casual (local brands),Wearability,"50,000", HIGH PRICE
2021/08/26 8:21:46 pm CET,Male,31 - 35 years,Masters,Self-employed/Entrepreneur,Married,"500,000",Rarely,Both (Domestic and International),Social media;SMS/Email promotions,More than 1 year ago,Honest;Rugged,Casual (local brands),Prices;Occasion;Friends,"50,000", HIGH PRICE
2021/08/26 8:28:02 pm CET,Female,31 - 35 years,Masters,Civil servant,Married,"500,000",On special occasions,Both (Domestic and International),Social media,Between 6 months and 1 year,Classy,Casual (local brands),Prices;Occasion,"50,000", HIGH PRICE
2021/08/26 8:28:10 pm CET,Male,26 - 30 years;31 - 35 years,"Tertiary (NCE, HND, Bachelorƒ??s)",Self-employed/Entrepreneur,Single,"200,000",Rarely,Both (Domestic and International),Social media,Between 1 and 6 months;I donƒ??t remember,Elegant,Casual (local brands),Fashion/style,"20,000",LOW PRICE
2021/08/26 8:28:20 pm CET,Male,36 - 40 years,Masters,Self-employed/Entrepreneur,Married,"500,000",On special occasions,Domestic,Friends and family,Between 1 and 6 months,Honest,Casual (local brands),Prices,"100,000", HIGH PRICE
2021/08/26 8:30:01 pm CET,Female,26 - 30 years,Masters,Employed (private or non-profit sector),Married,"100,000",Once in 6 months,Both (Domestic and International),Social media,Less than 1 month ago,Classy;Elegant;Sophisticated,Bespoke,Fashion/style;Wearability,"100,000", HIGH PRICE
2021/08/26 8:31:11 pm CET,Female,26 - 30 years,"Tertiary (NCE, HND, Bachelorƒ??s)",Self-employed/Entrepreneur,Married,"100,000",Rarely,Domestic,Friends and family;Social media,I donƒ??t remember,Simple and classy,Casual (local brands),Fashion/style;Prices;Wearability,"20,000",LOW PRICE
2021/08/26 8:51:02 pm CET,Male,31 - 35 years,Masters,Employed (private or non-profit sector),Married,"500,000",Rarely,Domestic,Friends and family,Between 6 months and 1 year,Elegant,Casual (local brands),Wearability,"20,000",LOW PRICE
2021/08/26 8:56:34 pm CET,Female,19,"Primary;Secondary;Tertiary (NCE, HND, Bachelorƒ??s)",Student,Single,"100,000",Spontaneous,Both (Domestic and International),Friends and family;Social media;Work or school colleagues,Less than 1 month ago,Classy;Elegant,Casual (International),Fashion/style;Occasion,"20,000",LOW PRICE
2021/08/26 8:57:30 pm CET,Female,36 - 40 years,Masters,Civil servant,Married,"100,000",Once in 3 months,Domestic,Social media,Between 1 and 6 months,Cheerful;Classy;Elegant;Sophisticated,Casual (local brands),Wearability,"20,000",LOW PRICE
2021/08/26 8:59:12 pm CET,Male,31 - 35 years,Masters,Employed (private or non-profit sector),Married,"300,000",Rarely,Both (Domestic and International),Social media,More than 1 year ago,Classy,Casual (International),Fashion/style;Prices;Wearability;Occasion,"50,000", HIGH PRICE
2021/08/26 8:59:43 pm CET,Female,20 - 25 years,"Tertiary (NCE, HND, Bachelorƒ??s)",Unemployed,Single,"100,000",Spontaneous,Both (Domestic and International),Social media,Less than 1 month ago,Classy,Bespoke,Prices,"20,000",LOW PRICE
2021/08/26 9:00:05 pm CET,Female,26 - 30 years,Masters,Civil servant,Prefer not to say,"300,000",Spontaneous,Both (Domestic and International),Social media,Less than 1 month ago,Colorful;Upper class;Classy;Elegant;Sophisticated,Casual (International),Wearability,"100,000", HIGH PRICE
2021/08/26 9:00:32 pm CET,Female,26 - 30 years,Masters,Civil servant,Married,"200,000",Spontaneous,Domestic,Friends and family;Social media;Work or school colleagues,Between 1 and 6 months,Classy;Elegant;Sophisticated,Casual (local brands),Fashion/style;Prices;Trend,"50,000", HIGH PRICE
2021/08/26 9:00:47 pm CET,Female,20 - 25 years,"Tertiary (NCE, HND, Bachelorƒ??s)",Self-employed/Entrepreneur,Single,"100,000",Rarely,Both (Domestic and International),Friends and family,I donƒ??t remember,Elegant,Casual (local brands),Wearability,"20,000",LOW PRICE
2021/08/26 9:01:56 pm CET,Female,31 - 35 years,Masters,Self-employed/Entrepreneur,Married,"200,000",Rarely,Both (Domestic and International),Friends and family;Social media,Between 6 months and 1 year,Elegant,Bespoke,Prices;Occasion,"50,000", HIGH PRICE
2021/08/26 9:06:22 pm CET,Male,20 - 25 years,"Tertiary (NCE, HND, Bachelorƒ??s)",Self-employed/Entrepreneur,Single,"100,000",On special occasions,Domestic,Work or school colleagues,Between 6 months and 1 year,Classy,Casual (International),Fashion/style,"20,000",LOW PRICE
2021/08/26 9:06:34 pm CET,Female,26 - 30 years,"Tertiary (NCE, HND, Bachelorƒ??s)",Self-employed/Entrepreneur,Married,"100,000",Once in 3 months,Domestic,Social media,Between 1 and 6 months,Elegant,Casual (local brands),Wearability,"20,000",LOW PRICE
2021/08/26 9:07:29 pm CET,Female,26 - 30 years,Masters,Employed (private or non-profit sector),Single,"400,000",Monthly,Domestic,Social media,Less than 1 month ago,Classy;Elegant;Sophisticated,Casual (local brands),Fashion/style;Prices;Occasion,"50,000", HIGH PRICE
2021/08/26 9:07:48 pm CET,Female,20 - 25 years,"Tertiary (NCE, HND, Bachelorƒ??s)",Self-employed/Entrepreneur,Single,"100,000",Always,Both (Domestic and International),Friends and family,Last week,Elegant,Casual (local brands),Fashion/style,"20,000",LOW PRICE
2021/08/26 9:07:51 pm CET,Female,26 - 30 years,Masters,Unemployed,Married,"100,000",Spontaneous,Both (Domestic and International),Social media,Between 1 and 6 months,Classy,Casual (local brands),Wearability,"50,000", HIGH PRICE
2021/08/26 9:07:54 pm CET,Female,26 - 30 years,Masters,Self-employed/Entrepreneur,Prefer not to say,"300,000",Rarely,Both (Domestic and International),Social media,I donƒ??t remember,Elegant,Bespoke,Wearability,"20,000",LOW PRICE
2021/08/26 9:08:45 pm CET,Female,31 - 35 years,Masters,Civil servant,Single,"500,000",Spontaneous,Both (Domestic and International),Friends and family;Social media;Work or school colleagues;SMS/Email promotions,Between 1 and 6 months,Elegant,Casual (International),Fashion/style,"50,000", HIGH PRICE
2021/08/26 9:11:58 pm CET,Female,26 - 30 years,"Tertiary (NCE, HND, Bachelorƒ??s)",Civil servant,Married,"100,000",Spontaneous,Domestic,Friends and family;Social media,Less than 1 month ago,Classy,Casual (local brands),Occasion,"50,000", HIGH PRICE
2021/08/26 9:13:33 pm CET,Female,26 - 30 years,"Tertiary (NCE, HND, Bachelorƒ??s)",Employed (private or non-profit sector),Married,"200,000",Spontaneous,Both (Domestic and International),Social media,Less than 1 month ago,Classy,Casual (local brands),Wearability,"20,000",LOW PRICE
2021/08/26 9:14:01 pm CET,Female,41 and above,"Tertiary (NCE, HND, Bachelorƒ??s)",Unemployed,Married,"10,000",Rarely,Both (Domestic and International),Social media,Between 6 months and 1 year,Elegant;Tough,Casual (local brands),Fashion/style;Prices;Wearability,"7,000",LOW PRICE
2021/08/26 9:15:02 pm CET,Female,31 - 35 years,Masters,Self-employed/Entrepreneur,Single,"300,000",Once in 3 months,Both (Domestic and International),Social media,Less than 1 month ago,Upper class;Classy;Elegant,Bespoke,Fashion/style,"50,000", HIGH PRICE
2021/08/26 9:16:08 pm CET,Female,20 - 25 years,"Tertiary (NCE, HND, Bachelorƒ??s)",Self-employed/Entrepreneur,Single,"100,000",Spontaneous,Both (Domestic and International),Social media,Less than 1 month ago,Elegant,Casual (local brands),Prices,"50,000", HIGH PRICE
2021/08/26 9:16:12 pm CET,Male,31 - 35 years,Masters,Employed (private or non-profit sector),Single,"400,000",Rarely,Both (Domestic and International),Social media,Between 6 months and 1 year,Classy,Bespoke,Wearability,"50,000", HIGH PRICE
2021/08/26 9:16:53 pm CET,Female,31 - 35 years,"Tertiary (NCE, HND, Bachelorƒ??s)",Employed (private or non-profit sector),Married,"500,000",Spontaneous,Both (Domestic and International),Friends and family,Between 6 months and 1 year,Imaginative;Classy;Elegant,Casual (local brands),Fashion/style;Prices;Trend;Wearability;Occasion,"20,000",LOW PRICE
2021/08/26 9:16:55 pm CET,Female,31 - 35 years,Masters,Student,Single,"100,000",Rarely,Both (Domestic and International),Newspaper/advertisement posters,More than 1 year ago,Colorful,Casual (International),Wearability,"50,000", HIGH PRICE
2021/08/26 9:17:42 pm CET,Female,36 - 40 years,"Tertiary (NCE, HND, Bachelorƒ??s)",Employed (private or non-profit sector),Married,"200,000",Once in 3 months,Both (Domestic and International),Friends and family,Less than 1 month ago,Honest,Casual (International),Fashion/style,"50,000", HIGH PRICE
2021/08/26 9:17:54 pm CET,Male,31 - 35 years,Masters,Self-employed/Entrepreneur,Single,"200,000",Rarely,Domestic,Social media,Between 1 and 6 months,Elegant,Casual (local brands),Trend,"50,000", HIGH PRICE
2021/08/26 9:18:09 pm CET,Male,20 - 25 years,"Tertiary (NCE, HND, Bachelorƒ??s)",Employed (private or non-profit sector),Single,"200,000",On special occasions,Both (Domestic and International),Friends and family;Social media;Work or school colleagues,Between 1 and 6 months,Colorful;Imaginative;Classy;Elegant;Sophisticated,Casual (local brands),Occasion,"20,000",LOW PRICE
2021/08/26 9:18:36 pm CET,Female,31 - 35 years,"Tertiary (NCE, HND, Bachelorƒ??s)",Unemployed,Married,10000,On special occasions,Domestic,Social media,Between 6 months and 1 year,Elegant,Afrocentric casual (local),Fashion/style,"20,000",LOW PRICE
2021/08/26 9:18:56 pm CET,Female,26 - 30 years,Masters,Self-employed/Entrepreneur,Married,"100,000",Rarely,I donƒ??t ,Social media,I donƒ??t remember,"Classy, comfort  and simple",Casual (local brands),Wearability,"50,000", HIGH PRICE
2021/08/26 9:19:11 pm CET,Female,20 - 25 years,Masters,Civil servant,Single,"200,000",Monthly,Both (Domestic and International),Social media,Less than 1 month ago,Imaginative,Casual (International),Fashion/style;Prices;Trend;Wearability,"100,000", HIGH PRICE
2021/08/26 9:19:29 pm CET,Male,26 - 30 years,Masters,Civil servant,Married,"200,000",Once in 3 months,Both (Domestic and International),Friends and family;Social media,Between 1 and 6 months,Daring,Casual (local brands),Fashion/style;Wearability,"20,000",LOW PRICE
2021/08/26 9:20:01 pm CET,Female,31 - 35 years,"Tertiary (NCE, HND, Bachelorƒ??s)",Self-employed/Entrepreneur,Married,10000,Rarely,Both (Domestic and International),Social media,More than 1 year ago,Elegant,Casual (local brands),Prices,"20,000",LOW PRICE
2021/08/26 9:20:04 pm CET,Female,20 - 25 years,"Tertiary (NCE, HND, Bachelorƒ??s)",Self-employed/Entrepreneur,Single,"100,000",Monthly,Both (Domestic and International),Social media,Less than 1 month ago,Imaginative;Classy;Elegant;Sophisticated,Afrocentric casual (local),Fashion/style;Wearability,"50,000", HIGH PRICE
2021/08/26 9:20:27 pm CET,Male,26 - 30 years,"Tertiary (NCE, HND, Bachelorƒ??s)",Self-employed/Entrepreneur,Single,"200,000",Spontaneous,Both (Domestic and International),Social media;Work or school colleagues,Between 1 and 6 months,Classy,Option 7,Prices,"20,000",LOW PRICE
2021/08/26 9:22:07 pm CET,Male,31 - 35 years,Masters;Doctorate,Employed (private or non-profit sector),Single,"500,000",Monthly;Once in 3 months,International,Social media;Work or school colleagues,Between 1 and 6 months,Honest;Colorful;Upper class;Classy;Elegant,Bespoke,Fashion/style,"100,000", HIGH PRICE
2021/08/26 9:22:07 pm CET,Female,31 - 35 years,Masters,Unemployed,Married,"100,000",Spontaneous,Domestic,Social media,Between 1 and 6 months,Elegant,Casual (local brands),Fashion/style;Prices,"20,000",LOW PRICE
2021/08/26 9:22:53 pm CET,Female,20 - 25 years,"Tertiary (NCE, HND, Bachelorƒ??s)",Student,Single,"200,000",Spontaneous,Domestic,Social media,Less than 1 month ago,Elegant,Casual (local brands),Prices,"20,000",LOW PRICE
2021/08/26 9:23:45 pm CET,Female,31 - 35 years,"Tertiary (NCE, HND, Bachelorƒ??s)",Self-employed/Entrepreneur,Married,"100,000",On special occasions,Both (Domestic and International),Social media,Between 1 and 6 months,Classy,Casual (International),Fashion/style,"50,000", HIGH PRICE
2021/08/26 9:26:22 pm CET,Female,20 - 25 years,"Tertiary (NCE, HND, Bachelorƒ??s)",Civil servant,Single,"300,000",On special occasions,Both (Domestic and International),Social media,Between 6 months and 1 year,Honest;Colorful;Classy;Elegant,Bespoke,Fashion/style;Prices;Wearability;Occasion,"20,000",LOW PRICE
2021/08/26 9:26:31 pm CET,Female,26 - 30 years,Masters,Self-employed/Entrepreneur,Married,"300,000",Spontaneous,Both (Domestic and International),Friends and family;Social media;SMS/Email promotions,Less than 1 month ago,Classy,Casual (local brands),Wearability,"50,000", HIGH PRICE
2021/08/26 9:26:37 pm CET,Female,31 - 35 years,"Tertiary (NCE, HND, Bachelorƒ??s)",Civil servant,Married,"200,000",Spontaneous,Both (Domestic and International),Social media,Less than 1 month ago,Elegant,Casual (local brands),Fashion/style,"50,000", HIGH PRICE
2021/08/26 9:27:48 pm CET,Female,31 - 35 years,Masters,Self-employed/Entrepreneur,Married,"200,000",Spontaneous,Domestic,Social media,Less than 1 month ago,Elegant,Casual (local brands),Wearability,"20,000",LOW PRICE
2021/08/26 9:28:44 pm CET,Male,26 - 30 years,"Tertiary (NCE, HND, Bachelorƒ??s)",Civil servant,Single,"300,000",On special occasions,Domestic,Social media,I donƒ??t remember,Classy,Casual (local brands),Prices;Wearability,"20,000",LOW PRICE
2021/08/26 9:29:26 pm CET,Male,36 - 40 years,Masters,Employed (private or non-profit sector),Married,"500,000",Monthly,Both (Domestic and International),Social media,Less than 1 month ago,Elegant,Couture/High-end (local),Fashion/style;Prices;Trend;Wearability,"50,000", HIGH PRICE
2021/08/26 9:30:09 pm CET,Female,20 - 25 years,"Tertiary (NCE, HND, Bachelorƒ??s)",Unemployed,Single,"100,000",Once in 3 months,Both (Domestic and International),Social media,Less than 1 month ago,Elegant;Sophisticated,Casual (local brands),Fashion/style;Prices;Wearability,"20,000",LOW PRICE
2021/08/26 9:30:12 pm CET,Male,31 - 35 years,"Tertiary (NCE, HND, Bachelorƒ??s)",Civil servant,Married,"200,000",Once in 3 months,Domestic,Friends and family;Social media,Less than 1 month ago,Classy,Casual (local brands),Fashion/style,"20,000",LOW PRICE
2021/08/26 9:33:24 pm CET,Female,26 - 30 years,"Tertiary (NCE, HND, Bachelorƒ??s)",Civil servant,Single,"200,000",On special occasions,Both (Domestic and International),Friends and family;Social media,Between 1 and 6 months,Daring;Classy;Elegant;Modest ,Casual (International),Fashion/style,"20,000",LOW PRICE
2021/08/26 9:33:43 pm CET,Female,20 - 25 years,"Tertiary (NCE, HND, Bachelorƒ??s)",Self-employed/Entrepreneur,Single,"100,000",On special occasions,Domestic,Social media,Between 6 months and 1 year,Classy,Bespoke,Occasion,"50,000", HIGH PRICE
2021/08/26 9:37:30 pm CET,Male,31 - 35 years,Masters,Employed (private or non-profit sector),Married,"500,000",Once in 3 months,Both (Domestic and International),None,Between 1 and 6 months,Imaginative;Upper class;Elegant,Anything nice,Wearability,"50,000", HIGH PRICE
2021/08/26 9:40:35 pm CET,Female,36 - 40 years,Masters,Civil servant,Single,"300,000",Spontaneous,Both (Domestic and International),Friends and family;Social media;Work or school colleagues,Between 1 and 6 months,Cheerful;Classy;Elegant;Sophisticated,Causal local and international ,Prices;Wearability;Occasion,"50,000", HIGH PRICE
2021/08/26 9:43:02 pm CET,Male,26 - 30 years,Masters,Self-employed/Entrepreneur,Single,"100,000",On special occasions,Both (Domestic and International),Work or school colleagues,I donƒ??t remember,Classy,Casual (local brands),Occasion,"50,000", HIGH PRICE
2021/08/26 9:47:53 pm CET,Female,26 - 30 years,"Tertiary (NCE, HND, Bachelorƒ??s)",Employed (private or non-profit sector),Single,"100,000",Spontaneous,Domestic,Friends and family;Social media,Between 1 and 6 months,Cheerful,Casual (local brands),Fashion/style;Prices;Trend;Occasion,"15,000",LOW PRICE
2021/08/26 9:53:17 pm CET,Female,31 - 35 years,Masters,Employed (private or non-profit sector),Married,"100,000",Rarely,Both (Domestic and International),Social media,Between 6 months and 1 year,Elegant,Casual (International),Wearability,"50,000", HIGH PRICE
2021/08/26 9:55:18 pm CET,Female,20 - 25 years,"Tertiary (NCE, HND, Bachelorƒ??s)",Student,Married,"100,000",Once in 6 months,Both (Domestic and International),Social media,Between 1 and 6 months,Sophisticated,Bespoke,Wearability,"20,000",LOW PRICE
2021/08/26 9:55:31 pm CET,Female,31 - 35 years,"Tertiary (NCE, HND, Bachelorƒ??s)",Unemployed,Single,"100,000",Rarely,Both (Domestic and International),Social media,Between 6 months and 1 year,Classy;Elegant,Casual (local brands),Wearability,"50,000", HIGH PRICE
2021/08/26 9:56:21 pm CET,Male,31 - 35 years,Masters,Employed (private or non-profit sector),Single,"200,000",Spontaneous,Both (Domestic and International),Friends and family,Less than 1 month ago,Cheerful,Casual (local brands),Wearability,"20,000",LOW PRICE
2021/08/26 9:56:27 pm CET,Male,31 - 35 years,Masters,Civil servant,Married,"300,000",Spontaneous,Both (Domestic and International),Friends and family;Social media,I donƒ??t remember,Imaginative;Classy;Elegant;Sophisticated,Casual (local brands),Fashion/style;Prices;Wearability,"20,000",LOW PRICE
2021/08/26 9:58:27 pm CET,Female,26 - 30 years,Masters,Civil servant,Single,"200,000",Spontaneous,Both (Domestic and International),Friends and family;Social media;Work or school colleagues,Less than 1 month ago,Colorful;Classy;Elegant,Afrocentric casual (local),Fashion/style,"50,000", HIGH PRICE
2021/08/26 9:58:47 pm CET,Female,20 - 25 years,Secondary,Student,Single,"200,000",Spontaneous,Both (Domestic and International),Friends and family;Social media,Between 1 and 6 months,Daring;Classy;Elegant,Casual (local brands),Fashion/style,"100,000", HIGH PRICE
2021/08/26 9:59:27 pm CET,Female,26 - 30 years,Masters,Employed (private or non-profit sector),Single,"100,000",Rarely,Both (Domestic and International),Social media,I donƒ??t remember,Cheerful;Rugged,Casual (local brands),Fashion/style;Occasion,"20,000",LOW PRICE
2021/08/26 10:01:05 pm CET,Female,26 - 30 years,"Tertiary (NCE, HND, Bachelorƒ??s)",Self-employed/Entrepreneur,Married,"100,000",Never have,Domestic,Social media,Never,Elegant,Casual (local brands),Wearability,"20,000",LOW PRICE
2021/08/26 10:01:10 pm CET,Female,26 - 30 years,"Primary;Secondary;Tertiary (NCE, HND, Bachelorƒ??s);Masters",Self-employed/Entrepreneur,Married,"300,000",Spontaneous,Both (Domestic and International),Friends and family;Social media,Between 1 and 6 months,Classy;Elegant;Sophisticated,Couture/High-end (local),Fashion/style;Wearability;Occasion,"20,000",LOW PRICE
2021/08/26 10:01:14 pm CET,Female,20 - 25 years;18,"Tertiary (NCE, HND, Bachelorƒ??s)",Student,Single,"100,000",Rarely,Domestic,Social media,I donƒ??t remember,Elegant,Casual (local brands),Wearability,"20,000",LOW PRICE
2021/08/26 10:02:18 pm CET,Female,36 - 40 years,Masters,Employed (private or non-profit sector),Married,"500,000",Monthly,Both (Domestic and International),Friends and family;Social media;Work or school colleagues,Less than 1 month ago,Honest;Cheerful;Imaginative;Upper class;Classy;Elegant;Sophisticated,Casual (local brands),Fashion/style;Prices;Wearability,"50,000", HIGH PRICE
2021/08/26 10:03:07 pm CET,Female,26 - 30 years,Masters,Self-employed/Entrepreneur,Married,"100,000",Rarely,Both (Domestic and International),Social media,More than 1 year ago,Sophisticated,Couture/High-end (local),Fashion/style,"20,000",LOW PRICE
2021/08/26 10:03:35 pm CET,Female,26 - 30 years,"Tertiary (NCE, HND, Bachelorƒ??s)",Employed (private or non-profit sector),Married,"100,000",Once in 3 months;Spontaneous,Both (Domestic and International),Social media,Less than 1 month ago,Classy;Elegant;Sophisticated,Casual (local brands),Prices;Wearability,"20,000",LOW PRICE
2021/08/26 10:05:45 pm CET,Female,20 - 25 years,"Tertiary (NCE, HND, Bachelorƒ??s)",Student,Single,"100,000",Rarely,Both (Domestic and International),Friends and family;Social media,More than 1 year ago,Honest;Cheerful;Colorful;Upper class;Classy;Elegant,Bespoke,Fashion/style,"200,000", HIGH PRICE
2021/08/26 10:06:16 pm CET,Male,31 - 35 years,Masters,Employed (private or non-profit sector),Married,"200,000",Rarely,International,Social media,I donƒ??t remember,Classy,Casual (International),Occasion,"100,000", HIGH PRICE
2021/08/26 10:07:19 pm CET,Female,31 - 35 years,"Tertiary (NCE, HND, Bachelorƒ??s)",Civil servant,Single,"200,000",Spontaneous,Both (Domestic and International),Friends and family;Social media;Work or school colleagues,Between 1 and 6 months,Honest;Colorful;Elegant,Casual (International),Fashion/style,"50,000", HIGH PRICE
2021/08/26 10:09:59 pm CET,Female,26 - 30 years,Masters,Student,Married,"500,000",Spontaneous,Both (Domestic and International),Friends and family;Social media,Less than 1 month ago,Imaginative;Classy;Elegant,Couture/High-end (local),Fashion/style;Prices;Wearability,"50,000", HIGH PRICE
2021/08/26 10:10:54 pm CET,Female,26 - 30 years,Masters,Self-employed/Entrepreneur,Divorced,"500,000",On special occasions,Both (Domestic and International),Social media,Between 1 and 6 months,Sophisticated,Couture/High-end (local),Trend,"50,000", HIGH PRICE
2021/08/26 10:12:30 pm CET,Female,36 - 40 years,"Tertiary (NCE, HND, Bachelorƒ??s)",Civil servant,Single,"100,000",Spontaneous,Domestic,Friends and family;Social media;Work or school colleagues,Between 1 and 6 months,Imaginative,Depends on the event. But mostly casual,Fashion/style;Prices,"70,000", HIGH PRICE
2021/08/26 10:21:05 pm CET,Female,26 - 30 years,"Tertiary (NCE, HND, Bachelorƒ??s)",Self-employed/Entrepreneur,Single,"100,000",Spontaneous,Both (Domestic and International),Social media,Between 1 and 6 months,Classy,Casual (local brands),Prices;Wearability,"20,000",LOW PRICE
2021/08/26 10:22:32 pm CET,Female,26 - 30 years,"Tertiary (NCE, HND, Bachelorƒ??s)",Self-employed/Entrepreneur,Single,"100,000",Spontaneous,Both (Domestic and International),Friends and family;Social media,Less than 1 month ago,Imaginative,Casual (local brands),Wearability,"50,000", HIGH PRICE
2021/08/26 10:23:00 pm CET,Male,31 - 35 years,Masters,Employed (private or non-profit sector),Married,"300,000",Spontaneous,Both (Domestic and International),Friends and family;Social media;Work or school colleagues;SMS/Email promotions,Between 1 and 6 months,Honest,Afrocentric casual (local),Fashion/style,"50,000", HIGH PRICE
2021/08/26 10:23:02 pm CET,Female,26 - 30 years,Secondary,Student,Single,"100,000",Rarely,Both (Domestic and International),Social media,Less than 1 month ago,Colorful,Casual (local brands),Fashion/style,"50,000", HIGH PRICE
2021/08/26 10:24:49 pm CET,Female,26 - 30 years,"Tertiary (NCE, HND, Bachelorƒ??s)",Civil servant,Married,"300,000",Rarely,Domestic,Social media,Between 1 and 6 months,Colorful,Casual (International),Wearability,"20,000",LOW PRICE
2021/08/26 10:24:51 pm CET,Female,26 - 30 years,Masters,Civil servant,Married,"100,000",Rarely,Domestic,Social media,I donƒ??t remember,Simple and comfy,Casual (International),Wearability,"20,000",LOW PRICE
2021/08/26 10:29:12 pm CET,Male,31 - 35 years,"Tertiary (NCE, HND, Bachelorƒ??s)",Self-employed/Entrepreneur,Single,"100,000",On special occasions,Both (Domestic and International),Social media,I donƒ??t remember,Upper class,Bespoke,Wearability,"20,000",LOW PRICE
2021/08/26 10:32:12 pm CET,Male,26 - 30 years,Masters,Employed (private or non-profit sector),Single,"400,000",Once in 3 months,Both (Domestic and International),Friends and family;Social media;Work or school colleagues,Between 1 and 6 months,Imaginative,Casual (International),Wearability,"50,000", HIGH PRICE
2021/08/26 10:33:26 pm CET,Female,41 and above,"Tertiary (NCE, HND, Bachelorƒ??s)",Unemployed,Married,"200,000",Spontaneous,Both (Domestic and International),Friends and family;Social media,Between 1 and 6 months,Honest,Afrocentric casual (local),Wearability,"50,000", HIGH PRICE
2021/08/26 10:35:44 pm CET,Male,31 - 35 years,"Tertiary (NCE, HND, Bachelorƒ??s)",Civil servant,Married,"400,000",Once in 6 months;I donƒ??t know,Domestic,Friends and family,Less than 1 month ago,Daring,Casual (local brands),Prices,"50,000", HIGH PRICE
2021/08/26 10:40:21 pm CET,Male,31 - 35 years,Masters,Civil servant,Married,"500,000",Rarely,Both (Domestic and International),Friends and family;Social media,More than 1 year ago,Daring;Imaginative;Classy;Elegant,Bespoke,Fashion/style;Prices;Wearability;Occasion,"20,000",LOW PRICE
2021/08/26 10:46:10 pm CET,Female,26 - 30 years,"Tertiary (NCE, HND, Bachelorƒ??s)",Self-employed/Entrepreneur,Married,"100,000",Spontaneous,Domestic,Social media,Between 6 months and 1 year,Colorful;Upper class;Classy;Elegant,Casual (local brands),Prices,"20,000",LOW PRICE
2021/08/26 10:46:59 pm CET,Female,20 - 25 years,"Tertiary (NCE, HND, Bachelorƒ??s)",Civil servant,Single,"100,000",On special occasions,Both (Domestic and International),Social media,I donƒ??t remember,Elegant,Bespoke,Fashion/style,"20,000",LOW PRICE
2021/08/26 10:48:17 pm CET,Female,26 - 30 years,"Tertiary (NCE, HND, Bachelorƒ??s)",Self-employed/Entrepreneur,Single,"200,000",Monthly;Spontaneous,Both (Domestic and International),Friends and family;Social media,Less than 1 month ago,Cheerful;Classy;Elegant;Sophisticated,Casual (local brands),Wearability,"50,000", HIGH PRICE
2021/08/26 10:52:31 pm CET,Female,31 - 35 years,Masters,Self-employed/Entrepreneur,Married,"100,000",Spontaneous,International,Friends and family,Between 6 months and 1 year,Cheerful,Casual (local brands),Wearability,"20,000",LOW PRICE
2021/08/26 10:55:34 pm CET,Female,26 - 30 years,"Tertiary (NCE, HND, Bachelorƒ??s)",Civil servant,Married,"200,000",On special occasions,Both (Domestic and International),Social media,Between 6 months and 1 year,Classy;Elegant,Casual (local brands),Fashion/style;Prices;Trend;Wearability;Occasion,"70,000", HIGH PRICE
2021/08/26 10:56:01 pm CET,Female,26 - 30 years,Masters,Civil servant,Married,"200,000",Spontaneous,Both (Domestic and International),Social media;Work or school colleagues,Between 1 and 6 months,Colorful;Daring;Sophisticated,Bespoke,Fashion/style;Prices;Trend;Wearability;Occasion;Friends,"20,000",LOW PRICE
2021/08/26 11:01:37 pm CET,Female,20 - 25 years,"Tertiary (NCE, HND, Bachelorƒ??s)",Self-employed/Entrepreneur,Married,"200,000",Monthly,Both (Domestic and International),Social media,Less than 1 month ago,Classy,Bespoke,Wearability,"100,000", HIGH PRICE
2021/08/26 11:11:04 pm CET,Female,20 - 25 years,"Tertiary (NCE, HND, Bachelorƒ??s)",Student,Single,"100,000",Spontaneous,Both (Domestic and International),Social media,Between 1 and 6 months,Colorful;Classy,Casual (International),Fashion/style,"20,000",LOW PRICE
2021/08/26 11:11:58 pm CET,Female,26 - 30 years,"Tertiary (NCE, HND, Bachelorƒ??s)",Unemployed,Married,"100,000",Once in 3 months,Both (Domestic and International),Social media,Less than 1 month ago,Colorful;Classy;Elegant;Sophisticated,Bespoke,Fashion/style;Prices;Trend,"20,000",LOW PRICE
2021/08/26 11:16:12 pm CET,Female,26 - 30 years,Masters,Civil servant,Single,"300,000",Spontaneous,Domestic,Friends and family;Social media,Less than 1 month ago,Classy;Elegant;Sophisticated,Casual (local brands),Prices;Wearability,"50,000", HIGH PRICE
2021/08/26 11:16:19 pm CET,Female,26 - 30 years,Masters,Civil servant,Married,"200,000",On special occasions,Both (Domestic and International),Friends and family;Social media;Work or school colleagues,Less than 1 month ago,Honest;Cheerful;Colorful;Daring;Upper class;Classy;Elegant;Sophisticated,Bespoke,Wearability,"20,000",LOW PRICE
2021/08/26 11:32:34 pm CET,Female,36 - 40 years,"Tertiary (NCE, HND, Bachelorƒ??s)",Unemployed,Married,"100,000",Spontaneous,International,Friends and family,More than 1 year ago,Classy;Elegant,Casual (International),Wearability,"20,000",LOW PRICE
2021/08/26 11:36:34 pm CET,Male,41 and above,Masters,Civil servant,Divorced,"500,000",Spontaneous,Both (Domestic and International),Friends and family;Social media,Between 1 and 6 months,Classy;Elegant;Sophisticated,Casual (local brands),Fashion/style;Wearability,"50,000", HIGH PRICE
2021/08/26 11:38:09 pm CET,Male,31 - 35 years,Masters,Self-employed/Entrepreneur,Married,"200,000",Rarely,Domestic,Friends and family,Between 1 and 6 months,Imaginative,Bespoke,Trend,"50,000", HIGH PRICE
2021/08/26 11:49:01 pm CET,Female,18,Secondary,Student,Single,"100,000",I donƒ??t know,Both (Domestic and International),Friends and family,Between 1 and 6 months,Honest;Cheerful;Imaginative;Upper class;Classy;Elegant,Couture/High-end (lnternational),Fashion/style,"20,000",LOW PRICE
2021/08/26 11:50:01 pm CET,Male,26 - 30 years,Masters,Civil servant,Single,"200,000",Once in 3 months,Both (Domestic and International),Friends and family,Less than 1 month ago,Cheerful,Casual (International),Fashion/style,"50,000", HIGH PRICE
2021/08/26 11:54:16 pm CET,Female,20 - 25 years,"Tertiary (NCE, HND, Bachelorƒ??s)",Self-employed/Entrepreneur,Single,"100,000",Rarely,Both (Domestic and International),Social media,More than 1 year ago,Elegant,Casual (local brands),Fashion/style;Wearability,"50,000", HIGH PRICE
2021/08/26 11:56:30 pm CET,Female,26 - 30 years,"Tertiary (NCE, HND, Bachelorƒ??s)",Student,Single,"100,000",Spontaneous,Domestic,Social media,Between 1 and 6 months,Elegant,Casual (local brands),Wearability,"50,000", HIGH PRICE
2021/08/26 11:56:31 pm CET,Female,26 - 30 years,Masters,Self-employed/Entrepreneur,Married,"400,000",Monthly,Both (Domestic and International),Social media,Less than 1 month ago,Classy;Elegant,Bespoke,Fashion/style;Trend;Wearability,"100,000", HIGH PRICE
2021/08/26 11:57:30 pm CET,Female,26 - 30 years,Masters,Self-employed/Entrepreneur,Single,"100,000",Spontaneous,Both (Domestic and International),Friends and family;Social media,I donƒ??t remember,Classy;Elegant;Comfortable ,Casual (local brands),Fashion/style;Prices;Wearability,"20,000",LOW PRICE
2021/08/26 11:58:50 pm CET,Female,20 - 25 years,"Tertiary (NCE, HND, Bachelorƒ??s)",Self-employed/Entrepreneur,Married,"300,000",Rarely,Domestic,Social media,I donƒ??t remember,Elegant,Casual (International),Fashion/style;Occasion,"50,000", HIGH PRICE
2021/08/27 12:02:28 am CET,Female,26 - 30 years,Masters,Employed (private or non-profit sector),Married,"100,000",Spontaneous,Domestic,Social media,Between 1 and 6 months,Elegant,Couture/High-end (local),Wearability,"50,000", HIGH PRICE
2021/08/27 12:02:52 am CET,Female,31 - 35 years,"Tertiary (NCE, HND, Bachelorƒ??s)",Self-employed/Entrepreneur,Single,"200,000",On special occasions,Domestic,Social media,More than 1 year ago,Elegant,Casual (local brands),Fashion/style,"20,000",LOW PRICE
2021/08/27 12:07:32 am CET,Female,26 - 30 years,"Tertiary (NCE, HND, Bachelorƒ??s)",Self-employed/Entrepreneur,Married,"200,000",Once in 3 months,Both (Domestic and International),Friends and family;Social media;Work or school colleagues,Less than 1 month ago,Colorful;Elegant;Sophisticated,Casual (local brands),Prices;Wearability,"20,000",LOW PRICE
2021/08/27 12:13:45 am CET,Female,26 - 30 years,"Tertiary (NCE, HND, Bachelorƒ??s)",Unemployed,Married,"100,000",I donƒ??t know,International,Social media,I donƒ??t remember,Classy,Casual (International),Fashion/style,"8,000",LOW PRICE
2021/08/27 12:18:21 am CET,Female,26 - 30 years,"Tertiary (NCE, HND, Bachelorƒ??s)",Unemployed,Single,"100,000",Rarely,Both (Domestic and International),Social media,I donƒ??t remember,Classy,Casual (local brands),Fashion/style,"20,000",LOW PRICE
2021/08/27 12:28:19 am CET,Female,26 - 30 years,Masters,Employed (private or non-profit sector),Married,"200,000",Spontaneous,Both (Domestic and International),Social media,Between 1 and 6 months,Classy,Casual (local brands),Prices,"50,000", HIGH PRICE
2021/08/27 12:34:32 am CET,Female,26 - 30 years,"Tertiary (NCE, HND, Bachelorƒ??s)",Unemployed,Single,"100,000",On special occasions,Both (Domestic and International),Friends and family;Social media,Between 6 months and 1 year,Elegant,Casual (local brands),Fashion/style,"20,000",LOW PRICE
2021/08/27 12:37:25 am CET,Female,26 - 30 years,Masters,Student,Married,"100,000",Spontaneous,Both (Domestic and International),Social media,Between 1 and 6 months,Classy;Elegant;Sophisticated,Casual (local brands),Wearability,"75,000", HIGH PRICE
2021/08/27 12:39:29 am CET,Female,20 - 25 years,"Tertiary (NCE, HND, Bachelorƒ??s)",Student,Single,"100,000",Once in 3 months,Domestic,Friends and family;Social media,Between 1 and 6 months,Elegant,Casual (local brands),Fashion/style,"20,000",LOW PRICE
2021/08/27 12:46:15 am CET,Male,31 - 35 years,"Tertiary (NCE, HND, Bachelorƒ??s)",Self-employed/Entrepreneur,Single,"200,000",Rarely,Both (Domestic and International),Social media,I donƒ??t remember,Classy,Bespoke,Wearability,"20,000",LOW PRICE
2021/08/27 12:49:44 am CET,Female,26 - 30 years,Masters,Civil servant,Married,"200,000",Rarely,International,Social media,More than 1 year ago,Classy;Elegant;Sophisticated,Bespoke,Prices;Wearability;Occasion,"20,000",LOW PRICE
2021/08/27 12:59:24 am CET,Female,26 - 30 years,Masters,Self-employed/Entrepreneur,Married,"200,000",Spontaneous,Both (Domestic and International),Friends and family;Social media,Less than 1 month ago,Upper class;Classy;Elegant;Sophisticated,Casual (local brands),Fashion/style,"50,000", HIGH PRICE
2021/08/27 1:07:41 am CET,Female,26 - 30 years,"Tertiary (NCE, HND, Bachelorƒ??s)",Employed (private or non-profit sector),Single,"200,000",Monthly,Both (Domestic and International),Friends and family;Social media,Between 1 and 6 months,Colorful;Imaginative;Classy;Elegant,Casual both local and international nd bespoke,Fashion/style,"50,000", HIGH PRICE
2021/08/27 1:08:50 am CET,Female,41 and above,"Tertiary (NCE, HND, Bachelorƒ??s)",Unemployed,Married,"100,000",Spontaneous,Both (Domestic and International),Friends and family,Between 1 and 6 months,Comfortable ,Casual (local brands),Wearability,"5,000",LOW PRICE
2021/08/27 1:14:07 am CET,Female,26 - 30 years,"Tertiary (NCE, HND, Bachelorƒ??s)",Self-employed/Entrepreneur,Married,"500,000",Monthly,Both (Domestic and International),Social media,Less than 1 month ago,Classy,Couture/High-end (lnternational),Prices;Trend,"50,000", HIGH PRICE
2021/08/27 1:16:14 am CET,Female,20 - 25 years,"Tertiary (NCE, HND, Bachelorƒ??s)",Employed (private or non-profit sector),Divorced,"100,000",Rarely,Domestic,Social media;Work or school colleagues,More than 1 year ago,Cheerful;Colorful;Classy;Elegant;Sophisticated,Casual (local brands),Fashion/style;Prices;Wearability,"20,000",LOW PRICE
2021/08/27 1:16:28 am CET,Female,26 - 30 years,Masters,Self-employed/Entrepreneur,Single,"200,000",On special occasions,Both (Domestic and International),Social media,Less than 1 month ago,Upper class;Classy,Afrocentric casual (local),Wearability,"50,000", HIGH PRICE
2021/08/27 1:28:42 am CET,Female,26 - 30 years,Masters,Self-employed/Entrepreneur,Married,"100,000",On special occasions,Domestic,Social media,Less than 1 month ago,Classy,Casual (local brands),Occasion,"50,000", HIGH PRICE
2021/08/27 2:12:50 am CET,Male,41 and above,Masters,Self-employed/Entrepreneur,Married,"200,000",Rarely,Both (Domestic and International),Friends and family,More than 1 year ago,Honest;Cheerful;Colorful;Elegant,Casual (local brands),Wearability,"100,000", HIGH PRICE
2021/08/27 2:38:20 am CET,Male,36 - 40 years,Masters,Self-employed/Entrepreneur,Married,"500,000",Once in 3 months,Both (Domestic and International),Friends and family,Between 1 and 6 months,Honest;Classy;Elegant,Casual (local brands),Fashion/style,"200,000", HIGH PRICE
2021/08/27 3:13:07 am CET,Male,31 - 35 years,Masters,Civil servant,Single,"500,000",Spontaneous,Both (Domestic and International),Social media,Less than 1 month ago,Honest;Classy;Elegant;Sophisticated,Casual (International),Fashion/style,"100,000", HIGH PRICE
2021/08/27 5:08:47 am CET,Female,26 - 30 years,Masters,Civil servant,Married,"200,000",Rarely,Both (Domestic and International),Friends and family;Social media,Between 1 and 6 months,Daring;Imaginative;Elegant;Sophisticated,Bespoke,Fashion/style;Wearability;Occasion,"100,000", HIGH PRICE
2021/08/27 5:11:41 am CET,Female,31 - 35 years,"Tertiary (NCE, HND, Bachelorƒ??s)",Self-employed/Entrepreneur,Married,"400,000",Once in 3 months,Domestic,Friends and family;Social media,Less than 1 month ago,Classy,Casual (local brands),Fashion/style,"100,000", HIGH PRICE
2021/08/27 5:59:37 am CET,Female,26 - 30 years,"Tertiary (NCE, HND, Bachelorƒ??s)",Employed (private or non-profit sector),Married,"100,000",Spontaneous,Domestic,Social media,More than 1 year ago,Classy;Elegant,Bespoke,Fashion/style,"50,000", HIGH PRICE
2021/08/27 6:08:03 am CET,Male,36 - 40 years,"Tertiary (NCE, HND, Bachelorƒ??s)",Unemployed,Married,"100,000",Rarely,Both (Domestic and International),Friends and family,I donƒ??t remember,Honest;Cheerful;Colorful;Daring,Casual (local brands),Prices;Trend;Wearability,"20,000",LOW PRICE
2021/08/27 6:29:12 am CET,Male,26 - 30 years,"Tertiary (NCE, HND, Bachelorƒ??s)",Civil servant,Single,"300,000",Once in 3 months,Both (Domestic and International),Friends and family;Social media,Less than 1 month ago,Classy,Afrocentric casual (local),Wearability,"50,000", HIGH PRICE
2021/08/27 6:42:08 am CET,Male,41 and above,"Tertiary (NCE, HND, Bachelorƒ??s)",Civil servant,Married,"200,000",Rarely,Domestic,Friends and family,Between 6 months and 1 year,Colorful,Casual (local brands),Fashion/style,"60,000", HIGH PRICE
2021/08/27 7:10:58 am CET,Male,36 - 40 years,Masters,Self-employed/Entrepreneur,Married,"500,000",Monthly,Both (Domestic and International),Social media,Less than 1 month ago,Classy,Bespoke,Wearability,"400,000", HIGH PRICE
2021/08/27 7:21:39 am CET,Male,26 - 30 years,"Tertiary (NCE, HND, Bachelorƒ??s)",Employed (private or non-profit sector),Single,"300,000",Spontaneous,Both (Domestic and International),Friends and family;Social media;Work or school colleagues,Less than 1 month ago,Honest,Afrocentric casual (local),Occasion,"50,000", HIGH PRICE
2021/08/27 7:35:41 am CET,Male,36 - 40 years,Masters,Employed (private or non-profit sector),Married,"500,000",Rarely,Both (Domestic and International),Social media;Work or school colleagues,Less than 1 month ago,Classy,Casual (International),Prices;Wearability,"100,000", HIGH PRICE
2021/08/27 7:42:10 am CET,Male,31 - 35 years,Masters,Self-employed/Entrepreneur,Married,"200,000",Rarely,International,Friends and family,More than 1 year ago,Honest;Elegant,Option 7,Wearability,"50,000", HIGH PRICE
2021/08/27 7:50:33 am CET,Female,26 - 30 years,"Tertiary (NCE, HND, Bachelorƒ??s)",Employed (private or non-profit sector),Married,"300,000",Once in 6 months,Both (Domestic and International),Friends and family;Social media,Between 1 and 6 months,Colorful;Upper class;Classy;Elegant,Casual (local brands),Wearability,"50,000", HIGH PRICE
2021/08/27 8:14:37 am CET,Male,26 - 30 years,"Tertiary (NCE, HND, Bachelorƒ??s)",Civil servant,Single,"400,000",Monthly,Both (Domestic and International),Social media,Less than 1 month ago,Classy,Bespoke,Occasion,"100,000", HIGH PRICE
2021/08/27 8:16:14 am CET,Female,26 - 30 years,"Tertiary (NCE, HND, Bachelorƒ??s)",Employed (private or non-profit sector),Divorced,"100,000",Rarely,Domestic,Social media,Between 1 and 6 months,Cheerful,Casual (local brands),Fashion/style,"20,000",LOW PRICE
2021/08/27 8:28:56 am CET,Male,36 - 40 years,"Tertiary (NCE, HND, Bachelorƒ??s)",Self-employed/Entrepreneur,Married,"500,000",Rarely,Domestic,Friends and family,Less than 1 month ago,Colorful,Casual (local brands),Wearability,"100,000", HIGH PRICE
2021/08/27 9:26:59 am CET,Female,26 - 30 years,"Tertiary (NCE, HND, Bachelorƒ??s)",Civil servant,Single,"200,000",Spontaneous,Both (Domestic and International),Social media,Between 6 months and 1 year,Elegant,Afrocentric casual (local),Wearability,"20,000",LOW PRICE
2021/08/27 9:28:33 am CET,Female,20 - 25 years,"Tertiary (NCE, HND, Bachelorƒ??s)",Employed (private or non-profit sector),Single,"100,000",Once in 3 months,Both (Domestic and International),Friends and family;Social media;Work or school colleagues,Between 1 and 6 months,Lackadaisical ,Bespoke,Fashion/style;Prices;Wearability,"20,000",LOW PRICE
2021/08/27 9:31:58 am CET,Female,18,"Tertiary (NCE, HND, Bachelorƒ??s)",Student,Single,"100,000",Rarely,Both (Domestic and International),Social media,Between 1 and 6 months,Classy,Bespoke,Fashion/style;Prices,"20,000",LOW PRICE
2021/08/27 9:35:55 am CET,Male,20 - 25 years,"Tertiary (NCE, HND, Bachelor's)",Civil servant,Married,"200,000",Spontaneous,International,Social media,More than 1 year ago,Unique,Casual (International),Wearability,"20,000",LOW PRICE
2021/08/27 9:38:15 am CET,Female,20 - 25 years,"Tertiary (NCE, HND, Bachelor's)",Self-employed/Entrepreneur,Single,"100,000",Rarely,Domestic,Social media,More than 1 year ago,Sophisticated,Option 7,Wearability,"20,000",LOW PRICE
2021/08/27 9:49:16 am CET,Female,26 - 30 years,Masters,Employed (private or non-profit sector),Single,"300,000",Once in 6 months,Both (Domestic and International),Social media,Between 6 months and 1 year,Classy;Elegant;Sophisticated,Bespoke,Fashion/style;Prices;Wearability;Occasion,"50,000", HIGH PRICE
2021/08/27 9:50:39 am CET,Female,41 and above,"Tertiary (NCE, HND, Bachelor's)",Employed (private or non-profit sector),Married,"500,000",Spontaneous,Both (Domestic and International),Social media,Between 1 and 6 months,Colorful;Upper class,Casual (local brands),Wearability,"50,000", HIGH PRICE
2021/08/27 10:07:01 am CET,Female,20 - 25 years,"Tertiary (NCE, HND, Bachelor's)",Unemployed,Single,"100,000",Once in 3 months,Domestic,Friends and family;Social media,Less than 1 month ago,Elegant,Couture/High-end (local),Fashion/style;Trend;Wearability,"20,000",LOW PRICE
2021/08/27 10:13:58 am CET,Male,31 - 35 years,Masters,Civil servant,Single,"200,000",Once in 6 months,Domestic,Friends and family,Between 1 and 6 months,Classy,Casual (local brands),Occasion,"100,000", HIGH PRICE
2021/08/27 10:18:16 am CET,Female,26 - 30 years,Masters,Employed (private or non-profit sector),Single,"400,000",Rarely,Both (Domestic and International),Friends and family;Social media;Work or school colleagues,Between 1 and 6 months,Upper class;Classy;Elegant;Sophisticated,Casual (International),Fashion/style;Prices;Wearability;Occasion,"20,000",LOW PRICE
2021/08/27 10:44:14 am CET,Female,20 - 25 years,Secondary,Unemployed,Married,"10,000",Rarely,Both (Domestic and International),Friends and family;Social media,More than 1 year ago,Classy,Casual (local brands),Prices,"20,000",LOW PRICE
2021/08/27 10:59:39 am CET,Male,26 - 30 years,"Tertiary (NCE, HND, Bachelor's)",Employed (private or non-profit sector),Married,"500,000",Spontaneous,Both (Domestic and International),Social media,Less than 1 month ago,Elegant,Casual (International),Occasion,"100,000", HIGH PRICE
2021/08/27 10:59:46 am CET,Female,26 - 30 years,Masters,Civil servant,Single,"200,000",Spontaneous,Both (Domestic and International),Social media,Between 1 and 6 months,Sophisticated,Bespoke,Fashion/style,"20,000",LOW PRICE
2021/08/27 10:59:56 am CET,Male,26 - 30 years,Masters,Self-employed/Entrepreneur,Single,"100,000",Spontaneous,Both (Domestic and International),Social media,Less than 1 month ago,Cheerful;Classy;Elegant,Afrocentric casual (local),Fashion/style,"20,000",LOW PRICE
2021/08/27 11:10:55 am CET,Female,31 - 35 years,"Tertiary (NCE, HND, Bachelor's)",Self-employed/Entrepreneur,Married,"100,000",Spontaneous;On special occasions,Both (Domestic and International),Friends and family;Social media,More than 1 year ago,Honest;Cheerful;Colorful;Imaginative;Classy,Option 7,Prices,"20,000",LOW PRICE
2021/08/27 11:22:04 am CET,Male,31 - 35 years,"Tertiary (NCE, HND, Bachelor's)",Self-employed/Entrepreneur,Married,"200,000",Once in 6 months,Both (Domestic and International),Social media,Between 6 months and 1 year,Honest,Afrocentric casual (local),Fashion/style,"100,000", HIGH PRICE
2021/08/27 11:37:21 am CET,Female,20 - 25 years,"Tertiary (NCE, HND, Bachelor's)",Student,Married,20000,Rarely,Domestic,Social media,Less than 1 month ago,Elegant,Casual (International),Fashion/style;Trend;Wearability;Occasion,"20,000",LOW PRICE
2021/08/27 12:19:43 pm CET,Female,20 - 25 years,"Tertiary (NCE, HND, Bachelor's)",Employed (private or non-profit sector),Single,"100,000",Rarely,Both (Domestic and International),Social media,More than 1 year ago,Daring;Elegant,Bespoke,Prices,"20,000",LOW PRICE
2021/08/27 12:24:22 pm CET,Female,26 - 30 years,Masters,Self-employed/Entrepreneur,Single,"200,000",Spontaneous,Domestic,Friends and family;Social media,Less than 1 month ago,"Modest, regal and comfortable",Casual (local brands),Wearability,"20,000",LOW PRICE
2021/08/27 12:33:04 pm CET,Female,20 - 25 years,"Tertiary (NCE, HND, Bachelor's)",Student,Single,"10,000",Spontaneous,Both (Domestic and International),Social media,Less than 1 month ago,Upper class,Bespoke,Fashion/style,"20,000",LOW PRICE
2021/08/27 12:59:23 pm CET,Male,26 - 30 years,"Tertiary (NCE, HND)",Civil servant,Single,"300,000",Once in 6 months,Domestic,Social media,Between 1 and 6 months,Elegant,Bespoke,Fashion/style;Prices;Wearability,"50,000", HIGH PRICE
2021/08/27 1:26:28 pm CET,Female,26 - 30 years,"Tertiary (NCE, HND, Bachelor's)",Employed (private or non-profit sector),Married,"200,000",Spontaneous,Both (Domestic and International),Friends and family;Social media;Work or school colleagues,Between 1 and 6 months,Cheerful;Classy;Elegant;Sophisticated,Couture/High-end (local),Fashion/style;Prices;Wearability;Occasion,"20,000",LOW PRICE
2021/08/27 2:22:35 pm CET,Female,20 - 25 years,"Tertiary (NCE, HND, Bachelor's)",Civil servant,Single,"200,000",Monthly,Both (Domestic and International),Friends and family;Social media,Between 1 and 6 months,Honest;Daring;Sophisticated,Casual (local brands),Fashion/style;Wearability,"20,000",LOW PRICE
2021/08/27 2:38:28 pm CET,Female,26 - 30 years,"Tertiary (NCE, HND, Bachelor's)",Civil servant,Single,"100,000",Spontaneous,Both (Domestic and International),Social media,Less than 1 month ago,Elegant,Bespoke,Fashion/style,"50,000", HIGH PRICE
2021/08/27 2:40:47 pm CET,Female,26 - 30 years,"Tertiary (NCE, HND, Bachelor's)",Employed (private or non-profit sector),Single,"100,000",Spontaneous,Both (Domestic and International),Social media,I donƒ??t remember,Colorful;Daring;Imaginative;Classy;Sophisticated,Afrocentric casual (local),Wearability,"20,000",LOW PRICE
2021/08/27 2:41:24 pm CET,Male,26 - 30 years,Masters,Student,Single,"200,000",Spontaneous;On special occasions,Domestic,Friends and family;Social media,I donƒ??t remember,Honest;Classy,Casual (local brands),Fashion/style;Prices,"20,000",LOW PRICE
2021/08/27 3:04:33 pm CET,Female,26 - 30 years,"Tertiary (NCE, HND, Bachelor's)",Unemployed,Married,"30,000",Rarely,Both (Domestic and International),Social media,Between 1 and 6 months,Cheerful,Casual (local brands),Wearability,"20,000",LOW PRICE
2021/08/27 3:04:47 pm CET,Female,20 - 25 years,"Tertiary (NCE, HND, Bachelor's)",Student,Single,"100,000",Spontaneous,Both (Domestic and International),Friends and family;Social media,Between 1 and 6 months,Daring;Classy;Elegant;Sophisticated,Casual (local brands),Fashion/style,"20,000",LOW PRICE
2021/08/27 3:15:09 pm CET,Female,20 - 25 years,"Tertiary (NCE, HND, Bachelor's)",Employed (private or non-profit sector),Single,"100,000",On special occasions,Both (Domestic and International),Social media;Work or school colleagues,Between 6 months and 1 year,Upper class,Casual (local brands),Prices,"20,000",LOW PRICE
2021/08/27 3:59:33 pm CET,Female,31 - 35 years,"Tertiary (NCE, HND, Bachelor's)",Employed (private or non-profit sector),Single,"500,000",On special occasions,Both (Domestic and International),Friends and family;Social media;Work or school colleagues,Between 1 and 6 months,Honest;Imaginative,Casual (local brands),Wearability,"20,000",LOW PRICE
2021/08/27 4:30:06 pm CET,Female,26 - 30 years,"Tertiary (NCE, HND, Bachelor's)",Self-employed/Entrepreneur,Married,"100,000",Spontaneous,Both (Domestic and International),Social media,Less than 1 month ago,Calm,Casual (local brands),Fashion/style,"50,000", HIGH PRICE
2021/08/27 5:02:08 pm CET,Female,36 - 40 years,Masters,Civil servant,Married,"200,000",Spontaneous;On special occasions,Both (Domestic and International),Friends and family;Social media,Less than 1 month ago,Imaginative;Classy;Elegant,Afrocentric casual (local),Fashion/style;Prices;Wearability,"50,000", HIGH PRICE
2021/08/27 5:51:26 pm CET,Female,20 - 25 years,"Tertiary (NCE, HND, Bachelor's)",Student,Single,"50,000",Rarely,Both (Domestic and International),Friends and family;Social media,I donƒ??t remember,Cheerful,Casual (International),Fashion/style,"20,000",LOW PRICE
2021/08/27 6:30:43 pm CET,Female,26 - 30 years,"Tertiary (NCE, HND, Bachelor's)",Employed (private or non-profit sector),Single,"200,000",Once in 3 months,Both (Domestic and International),Social media,Between 1 and 6 months,Daring,Casual (International),Fashion/style,"50,000", HIGH PRICE
2021/08/27 6:38:39 pm CET,Male,26 - 30 years,Masters,Civil servant,Divorced,"500,000",Once in 6 months,Both (Domestic and International),Friends and family;Social media;Work or school colleagues,Less than 1 month ago,Honest;Daring;Imaginative;Upper class,Casual (local brands),Fashion/style;Prices;Wearability;Occasion;Friends,"400,000", HIGH PRICE
2021/08/27 6:50:04 pm CET,Female,31 - 35 years,Masters,Civil servant,Married,"300,000",On special occasions,Both (Domestic and International),Friends and family;Social media;Work or school colleagues,Between 6 months and 1 year,Classy;Elegant,Afrocentric casual (local),Fashion/style;Prices;Trend;Wearability,"20,000",LOW PRICE
2021/08/27 7:02:02 pm CET,Female,36 - 40 years,Masters,Civil servant,Single,"200,000",Spontaneous,Both (Domestic and International),Friends and family;Social media,Between 6 months and 1 year,Cheerful;Elegant,Afrocentric casual (local),Wearability,"20,000",LOW PRICE
2021/08/27 7:06:23 pm CET,Female,26 - 30 years,"Tertiary (NCE, HND, Bachelor's)",Civil servant,Married,"200,000",Once in 6 months,Domestic,Social media,Between 6 months and 1 year,Elegant,Casual (local brands),Wearability,"50,000", HIGH PRICE
2021/08/27 7:15:30 pm CET,Male,36 - 40 years,Masters,Civil servant,Married,"200,000",Once in 3 months,Both (Domestic and International),Friends and family,Between 1 and 6 months,Classy,Casual (local brands),Wearability,"20,000",LOW PRICE
2021/08/27 7:23:43 pm CET,Female,20 - 25 years,"Tertiary (NCE, HND, Bachelor's)",Student,Single,"100,000",Rarely,Domestic,Friends and family;Social media;Work or school colleagues,More than 1 year ago,Honest;Colorful;Classy;Elegant;Sophisticated,Bespoke,Fashion/style,"20,000",LOW PRICE
2021/08/27 9:02:08 pm CET,Female,20 - 25 years,Secondary,Student,Prefer not to say,"500,000",On special occasions;Rarely,International,Social media,I donƒ??t remember,Elegant,Casual (International),Occasion,"400,000", HIGH PRICE
2021/08/27 9:15:12 pm CET,Female,26 - 30 years,"Tertiary (NCE, HND, Bachelor's)",Self-employed/Entrepreneur,Single,"100,000",On special occasions,Domestic,Friends and family,Between 6 months and 1 year,Elegant,Bespoke,Wearability,"100,000", HIGH PRICE
2021/08/27 11:35:30 pm CET,Male,20 - 25 years,"Tertiary (NCE, HND, Bachelor's)",Employed (private or non-profit sector),Single,"100,000",On special occasions,Domestic,Social media,Less than 1 month ago,Classy,Afrocentric casual (local),Fashion/style,"70,000", HIGH PRICE
2021/08/28 10:48:18 am CET,Female,31 - 35 years,Masters,Unemployed,Married,"100,000",On special occasions,Both (Domestic and International),Friends and family;Social media,Between 6 months and 1 year,Cheerful;Elegant,Afrocentric casual (local),Occasion,"8,000",LOW PRICE
2021/08/29 7:03:49 am CET,Male,26 - 30 years,"Tertiary (NCE, HND, Bachelor's)",Student,Single,"100,000",Spontaneous,Both (Domestic and International),Friends and family;Social media,Less than 1 month ago,Honest,Casual (local brands),Prices,"10,000",LOW PRICE
2021/08/29 12:10:31 pm CET,Female,20 - 25 years,"Tertiary (NCE, HND, Bachelor's)",Self-employed/Entrepreneur,Divorced,"100,000",On special occasions,Domestic,Social media,Less than 1 month ago,Classy,Option 7,Fashion/style;Prices;Wearability,"68,000", HIGH PRICE
2021/08/30 8:04:24 am CET,Female,26 - 30 years,Masters,Self-employed/Entrepreneur,Married,"100,000",On special occasions,Both (Domestic and International),Friends and family;Social media;Work or school colleagues,More than 1 year ago,"Covered,decent","A mix of international,local brands",Prices,"25,000", HIGH PRICE
2021/08/30 8:47:00 pm CET,Female,36 - 40 years,Masters,Civil servant,Divorced,"400,000",Spontaneous,Both (Domestic and International),Friends and family;Social media,Between 1 and 6 months,Honest;Colorful;Daring;Imaginative;Upper class;Classy;Elegant;Sophisticated,Bespoke,Fashion/style," 15,000 ",LOW PRICE
2021/08/30 10:10:40 pm CET,Female,20 - 25 years,"Tertiary (NCE, HND, Bachelor's)",Student,Engaged,"200,000",Rarely,Domestic,Social media,More than 1 year ago,Cheerful;Upper class;Classy;Elegant,Casual (International),Fashion/style;Prices;Wearability," 43,000 ", HIGH PRICE
2021/08/31 1:19:24 pm CET,Female,20 - 25 years,Masters,Unemployed,Single,"100,000",On special occasions,Both (Domestic and International),Friends and family;Social media;Newspaper/advertisement posters,Between 1 and 6 months,Cheerful;Colorful;Daring;Imaginative;Upper class;Classy;Elegant;Sophisticated,Casual (local brands),Wearability,"20,000",LOW PRICE
,,,,,,,,,,,,,,,
